{
    "performance": {
        "name": "Convolutional-neural-network-classifier",
        "accuracy": 0.8936999440193176,
        "precision": 0.8926909565925598,
        "recall": 0.8936999440193176,
        "class-accuracy": [
            0.875,
            0.9800000190734863,
            0.8610000014305115,
            0.8930000066757202,
            0.8510000109672546,
            0.9539999961853027,
            0.621999979019165,
            0.972000002861023,
            0.9729999899864197,
            0.9559999704360962
        ],
        "class-precision": [
            0.8034894466400146,
            0.9849246144294739,
            0.8367347121238708,
            0.9002016186714172,
            0.8159156441688538,
            0.986556351184845,
            0.7484958171844482,
            0.9292542934417725,
            0.959566056728363,
            0.9617705941200256
        ],
        "class-recall": [
            0.875,
            0.9800000190734863,
            0.8610000014305115,
            0.8930000066757202,
            0.8510000109672546,
            0.9539999961853027,
            0.621999979019165,
            0.972000002861023,
            0.9729999899864197,
            0.9559999704360962
        ]
    },
    "time": {
        "name": "cloud-model-training",
        "start-time": 1723100961.0552998,
        "end-time": 1723101981.6401534,
        "total-seconds": 1020.58485
    }
}