{
    "1": {
        "name": "cloud-hpc-preprocess",
        "start-time": 1723465660.8754919,
        "end-time": 1723465664.2773192,
        "total-seconds": 3.40183
    },
    "2": {
        "name": "cloud-hpc-train",
        "start-time": 1723465924.258669,
        "end-time": 1723467090.7353024,
        "total-seconds": 1166.47663
    },
    "3": {
        "name": "cloud-hpc-evaluate",
        "start-time": 1723467191.6093383,
        "end-time": 1723467191.9307504,
        "total-seconds": 0.32141
    },
    "4": {
        "name": "cloud-hpc-pipeline",
        "start-time": 1723465504.8577094,
        "end-time": 1723467228.0337698,
        "total-seconds": 1723.17606
    },
    "5": {
        "name": "cloud-hpc-preprocess",
        "start-time": 1723461113.5597608,
        "end-time": 1723461113.7043304,
        "total-seconds": 0.14457
    },
    "6": {
        "name": "cloud-hpc-train",
        "start-time": 1723461694.5476098,
        "end-time": 1723462537.2693226,
        "total-seconds": 842.72171
    },
    "7": {
        "name": "cloud-hpc-evaluate",
        "start-time": 1723462655.7182825,
        "end-time": 1723462670.4994347,
        "total-seconds": 14.78115
    },
    "8": {
        "name": "cloud-hpc-pipeline",
        "start-time": 1723460978.717684,
        "end-time": 1723462692.401105,
        "total-seconds": 1713.68342
    }    
}