{
    "1": {
        "name": "cloud-hpc-preprocess",
        "start-time": 1723470753.0878723,
        "end-time": 1723470753.1572556,
        "total-seconds": 0.06938
    },
    "2": {
        "name": "cloud-hpc-train",
        "start-time": 1723471056.4383116,
        "end-time": 1723471896.2935863,
        "total-seconds": 839.85527
    },
    "3": {
        "name": "cloud-hpc-evaluate",
        "start-time": 1723472033.260832,
        "end-time": 1723472033.7723966,
        "total-seconds": 0.51156
    },
    "4": {
        "name": "cloud-hpc-pipeline",
        "start-time": 1723470624.3644416,
        "end-time": 1723472055.5799413,
        "total-seconds": 1431.2155
    }
}