{
    "1": {
        "name": "cloud-hpc-preprocess",
        "start-time": 1723473328.9516227,
        "end-time": 1723473332.2941697,
        "total-seconds": 3.34255
    },
    "2": {
        "name": "cloud-hpc-train",
        "start-time": 1723473554.4037464,
        "end-time": 1723474439.1272275,
        "total-seconds": 884.72348
    },
    "3": {
        "name": "cloud-hpc-evaluate",
        "start-time": 1723474531.6241095,
        "end-time": 1723474532.0955303,
        "total-seconds": 0.47142
    },
    "4": {
        "name": "cloud-hpc-pipeline",
        "start-time": 1723473204.0161905,
        "end-time": 1723474553.38045,
        "total-seconds": 1349.36426
    }
}