{
    "1": {
        "name": "remote-model-training",
        "start-time": 1723471341.6166644,
        "end-time": 1723471614.5373893,
        "total-seconds": 272.92072
    },
    "2": {
        "name": "train-fmnist-cnn",
        "start-time": 1723471335.0193815,
        "end-time": 1723471614.6182308,
        "total-seconds": 279.59885
    }
}