{
    "1": {
        "name": "remote-model-training",
        "start-time": 1723466317.135657,
        "end-time": 1723466592.5708098,
        "total-seconds": 275.43515
    },
    "2": {
        "name": "train-fmnist-cnn",
        "start-time": 1723466310.5229383,
        "end-time": 1723466592.6519687,
        "total-seconds": 282.12903
    }
}