{
    "1": {
        "name": "remote-model-training",
        "start-time": 1723461983.123387,
        "end-time": 1723462254.0046601,
        "total-seconds": 270.88127
    },
    "2": {
        "name": "train-fmnist-cnn",
        "start-time": 1723461976.2864475,
        "end-time": 1723462254.0950422,
        "total-seconds": 277.80859
    }
}