{
    "1": {
        "name": "remote-model-training",
        "start-time": 1723473884.703569,
        "end-time": 1723474156.555138,
        "total-seconds": 271.85157
    },
    "2": {
        "name": "train-fmnist-cnn",
        "start-time": 1723473878.1697335,
        "end-time": 1723474156.6375062,
        "total-seconds": 278.46777
    }
}