{
    "performance": {
        "name": "Convolutional-neural-network-classifier",
        "accuracy": 0.888700008392334,
        "precision": 0.8895692825317383,
        "recall": 0.888700008392334,
        "class-accuracy": [
            0.7940000295639038,
            0.9800000190734863,
            0.824999988079071,
            0.9049999713897705,
            0.843999981880188,
            0.9369999766349792,
            0.7089999914169312,
            0.984000027179718,
            0.968999981880188,
            0.9399999976158142
        ],
        "class-precision": [
            0.8455803990364075,
            0.9780439138412476,
            0.8444216847419739,
            0.8837890625,
            0.8162475824356079,
            0.9894403219223022,
            0.6950980424880981,
            0.9060773253440857,
            0.9728915691375732,
            0.964102566242218
        ],
        "class-recall": [
            0.7940000295639038,
            0.9800000190734863,
            0.824999988079071,
            0.9049999713897705,
            0.843999981880188,
            0.9369999766349792,
            0.7089999914169312,
            0.984000027179718,
            0.968999981880188,
            0.9399999976158142
        ]
    },
    "time": {
        "name": "local-model-training",
        "start-time": 1722929997.3841717,
        "end-time": 1722931552.4505036,
        "total-seconds": 1555.06633
    }
}