{
    "name": "Convolutional-neural-network-classifier",
    "accuracy": 0.8871999382972717,
    "precision": 0.8864023685455322,
    "recall": 0.8871999382972717,
    "class-accuracy": [
        0.8730000257492065,
        0.9750000238418579,
        0.8619999885559082,
        0.9110000133514404,
        0.7749999761581421,
        0.972000002861023,
        0.6290000081062317,
        0.9440000057220459,
        0.9760000109672546,
        0.9549999833106995
    ],
    "class-precision": [
        0.7893308997154236,
        0.9878419637680054,
        0.7974098324775696,
        0.8861867785453796,
        0.8315450549125671,
        0.9759036302566528,
        0.7408716082572937,
        0.9411764740943909,
        0.9663366079330444,
        0.9474206566810608
    ],
    "class-recall": [
        0.8730000257492065,
        0.9750000238418579,
        0.8619999885559082,
        0.9110000133514404,
        0.7749999761581421,
        0.972000002861023,
        0.6290000081062317,
        0.9440000057220459,
        0.9760000109672546,
        0.9549999833106995
    ]
}