{
    "name": "Convolutional-neural-network-classifier",
    "accuracy": 0.8940999507904053,
    "precision": 0.8937948942184448,
    "recall": 0.8940999507904053,
    "class-accuracy": [
        0.8740000128746033,
        0.9829999804496765,
        0.8579999804496765,
        0.8629999756813049,
        0.8149999976158142,
        0.9589999914169312,
        0.6919999718666077,
        0.9700000286102295,
        0.9700000286102295,
        0.9570000171661377
    ],
    "class-precision": [
        0.8339694738388062,
        0.9552963972091675,
        0.8297872543334961,
        0.9074658155441284,
        0.83934086561203,
        0.9876416325569153,
        0.7200832366943359,
        0.9344894289970398,
        0.9670987129211426,
        0.9627766609191895
    ],
    "class-recall": [
        0.8740000128746033,
        0.9829999804496765,
        0.8579999804496765,
        0.8629999756813049,
        0.8149999976158142,
        0.9589999914169312,
        0.6919999718666077,
        0.9700000286102295,
        0.9700000286102295,
        0.9570000171661377
    ]
}