{
    "name": "Convolutional-neural-network-classifier",
    "accuracy": 0.8835999369621277,
    "precision": 0.8820816278457642,
    "recall": 0.8835999369621277,
    "class-accuracy": [
        0.8199999928474426,
        0.9800000190734863,
        0.8080000281333923,
        0.9020000100135803,
        0.8149999976158142,
        0.9549999833106995,
        0.656000018119812,
        0.9589999914169312,
        0.9829999804496765,
        0.9580000042915344
    ],
    "class-precision": [
        0.8208208084106445,
        0.9839357137680054,
        0.8261758685112,
        0.8877952694892883,
        0.8125622868537903,
        0.9715157747268677,
        0.7016043066978455,
        0.9328793883323669,
        0.9264844655990601,
        0.957042932510376
    ],
    "class-recall": [
        0.8199999928474426,
        0.9800000190734863,
        0.8080000281333923,
        0.9020000100135803,
        0.8149999976158142,
        0.9549999833106995,
        0.656000018119812,
        0.9589999914169312,
        0.9829999804496765,
        0.9580000042915344
    ]
}