{
    "name": "Convolutional-neural-network-classifier",
    "accuracy": 0.8192999362945557,
    "precision": 0.8599663972854614,
    "recall": 0.8192999362945557,
    "class-accuracy": [
        0.5600000023841858,
        0.9769999980926514,
        0.5249999761581421,
        0.8180000185966492,
        0.7710000276565552,
        0.9860000014305115,
        0.8069999814033508,
        0.8519999980926514,
        0.9309999942779541,
        0.9660000205039978
    ],
    "class-precision": [
        0.8602150678634644,
        0.9819095730781555,
        0.8868243098258972,
        0.9139664769172668,
        0.7259886860847473,
        0.8915008902549744,
        0.43457189202308655,
        0.9726027250289917,
        0.99148029088974,
        0.9406036734580994
    ],
    "class-recall": [
        0.5600000023841858,
        0.9769999980926514,
        0.5249999761581421,
        0.8180000185966492,
        0.7710000276565552,
        0.9860000014305115,
        0.8069999814033508,
        0.8519999980926514,
        0.9309999942779541,
        0.9660000205039978
    ]
}