{
    "name": "Convolutional-neural-network-classifier",
    "accuracy": 0.8819999694824219,
    "precision": 0.8865039348602295,
    "recall": 0.8819999694824219,
    "class-accuracy": [
        0.7680000066757202,
        0.984000027179718,
        0.8109999895095825,
        0.8830000162124634,
        0.8090000152587891,
        0.9430000185966492,
        0.7250000238418579,
        0.9620000123977661,
        0.9739999771118164,
        0.9610000252723694
    ],
    "class-precision": [
        0.8757126331329346,
        0.9685039520263672,
        0.8430353403091431,
        0.896446704864502,
        0.8374741077423096,
        0.9895068407058716,
        0.6144067645072937,
        0.9241114258766174,
        0.9643564224243164,
        0.9514851570129395
    ],
    "class-recall": [
        0.7680000066757202,
        0.984000027179718,
        0.8109999895095825,
        0.8830000162124634,
        0.8090000152587891,
        0.9430000185966492,
        0.7250000238418579,
        0.9620000123977661,
        0.9739999771118164,
        0.9610000252723694
    ]
}