{
    "performance": {
        "name": "Convolutional-neural-network-classifier",
        "accuracy": 0.9111332893371582,
        "precision": 0.9110545516014099,
        "recall": 0.9111332893371582,
        "class-accuracy": [
            0.8796666860580444,
            0.9865000247955322,
            0.8855000138282776,
            0.92166668176651,
            0.8263333439826965,
            0.9598333239555359,
            0.7294999957084656,
            0.9835000038146973,
            0.9793333411216736,
            0.9595000147819519
        ],
        "class-precision": [
            0.8467832207679749,
            0.9842035174369812,
            0.8344589471817017,
            0.911638617515564,
            0.8679971694946289,
            0.9958499073982239,
            0.7793803215026855,
            0.9369640946388245,
            0.9814598560333252,
            0.9718095660209656
        ],
        "class-recall": [
            0.8796666860580444,
            0.9865000247955322,
            0.8855000138282776,
            0.92166668176651,
            0.8263333439826965,
            0.9598333239555359,
            0.7294999957084656,
            0.9835000038146973,
            0.9793333411216736,
            0.9595000147819519
        ]
    },
    "time": {
        "name": "mahti-model-training",
        "start-time": 1716545233.4651463,
        "end-time": 1716545522.005438,
        "total-seconds": 288.54029
    }
}