{
    "performance": {
        "name": "Convolutional-neural-network-classifier",
        "accuracy": 0.8828999996185303,
        "precision": 0.8824408650398254,
        "recall": 0.8828999996185303,
        "class-accuracy": [
            0.7979999780654907,
            0.9800000190734863,
            0.8090000152587891,
            0.8949999809265137,
            0.8479999899864197,
            0.9330000281333923,
            0.6639999747276306,
            0.9739999771118164,
            0.9779999852180481,
            0.949999988079071
        ],
        "class-precision": [
            0.831250011920929,
            0.9790209531784058,
            0.8280450105667114,
            0.8783120512962341,
            0.7954971790313721,
            0.9893955588340759,
            0.7033898234367371,
            0.9085820913314819,
            0.9522882103919983,
            0.9586276412010193
        ],
        "class-recall": [
            0.7979999780654907,
            0.9800000190734863,
            0.8090000152587891,
            0.8949999809265137,
            0.8479999899864197,
            0.9330000281333923,
            0.6639999747276306,
            0.9739999771118164,
            0.9779999852180481,
            0.949999988079071
        ]
    },
    "time": {
        "name": "local-model-training",
        "start-time": 1716537284.9409099,
        "end-time": 1716538950.4868975,
        "total-seconds": 1665.54599
    }
}